,Unnamed: 0,year,make,model,body_styles
0,0.0,2021,Acura,ILX,"[""Sedan""]"
1,1.0,2021,Acura,RDX,"[""SUV""]"
2,2.0,2021,Acura,TLX,"[""Sedan""]"
3,3.0,2021,Alfa Romeo,Giulia,"[""Sedan""]"
4,4.0,2021,Alfa Romeo,Stelvio,"[""SUV""]"
5,5.0,2021,Audi,A6 allroad,"[""Wagon""]"
6,6.0,2021,Audi,A7,"[""Sedan""]"
7,7.0,2021,Audi,Q3,"[""SUV""]"
8,8.0,2021,Audi,Q5,"[""SUV""]"
9,9.0,2021,Audi,Q8,"[""SUV""]"
10,10.0,2021,Audi,S5,"[""Convertible"", ""Sedan"", ""Coupe""]"
11,11.0,2021,Audi,S6,"[""Sedan""]"
12,12.0,2021,BMW,3 Series,"[""Sedan""]"
13,13.0,2021,BMW,X1,"[""SUV""]"
14,14.0,2021,BMW,X3,"[""SUV""]"
15,15.0,2021,BMW,X5,"[""SUV""]"
16,16.0,2021,BMW,X7,"[""SUV""]"
17,17.0,2021,Buick,Enclave,"[""SUV""]"
18,18.0,2021,Buick,Encore,"[""SUV""]"
19,19.0,2021,Buick,Encore GX,"[""SUV""]"
20,20.0,2021,Buick,Envision,"[""SUV""]"
21,21.0,2021,Cadillac,CT4,"[""Sedan""]"
22,22.0,2021,Cadillac,CT5,"[""Sedan""]"
23,23.0,2021,Cadillac,Escalade,"[""SUV""]"
24,24.0,2021,Cadillac,Escalade ESV,"[""SUV""]"
25,25.0,2021,Cadillac,XT4,"[""SUV""]"
26,26.0,2021,Cadillac,XT5,"[""SUV""]"
27,27.0,2021,Cadillac,XT6,"[""SUV""]"
28,28.0,2021,Chevrolet,Blazer,"[""SUV""]"
29,29.0,2021,Chevrolet,Bolt EV,"[""Hatchback""]"
30,30.0,2021,Chevrolet,Camaro,"[""Coupe""]"
31,31.0,2021,Chevrolet,Colorado Crew Cab,"[""Pickup""]"
32,32.0,2021,Chevrolet,Colorado Extended Cab,"[""Pickup""]"
33,33.0,2021,Chevrolet,Corvette,"[""Convertible"", ""Coupe""]"
34,34.0,2021,Chevrolet,Equinox,"[""SUV""]"
35,35.0,2021,Chevrolet,Express 3500 Cargo,"[""Van/Minivan""]"
36,36.0,2021,Chevrolet,Malibu,"[""Sedan""]"
37,37.0,2021,Chevrolet,Silverado 1500 Crew Cab,"[""Pickup""]"
38,38.0,2021,Chevrolet,Silverado 2500 HD Crew Cab,"[""Pickup""]"
39,39.0,2021,Chevrolet,Silverado 2500 HD Double Cab,"[""Pickup""]"
40,40.0,2021,Chevrolet,Silverado 2500 HD Regular Cab,"[""Pickup""]"
41,41.0,2021,Chevrolet,Silverado 3500 HD Crew Cab,"[""Pickup""]"
42,42.0,2021,Chevrolet,Spark,"[""Hatchback""]"
43,43.0,2021,Chevrolet,Suburban,"[""SUV""]"
44,44.0,2021,Chevrolet,Tahoe,"[""SUV""]"
45,45.0,2021,Chevrolet,Trailblazer,"[""SUV""]"
46,46.0,2021,Chevrolet,Traverse,"[""SUV""]"
47,47.0,2021,Chevrolet,Trax,"[""SUV""]"
48,48.0,2021,Chrysler,300,"[""Sedan""]"
49,49.0,2021,Chrysler,Pacifica,"[""Van/Minivan""]"
50,50.0,2021,Chrysler,Voyager,"[""Van/Minivan""]"
51,51.0,2021,Dodge,Challenger,"[""Coupe""]"
52,52.0,2021,Dodge,Charger,"[""Sedan""]"
53,53.0,2021,Dodge,Durango,"[""SUV""]"
54,54.0,2021,FIAT,500X,"[""SUV""]"
55,55.0,2021,Ford,Bronco Sport,"[""SUV""]"
56,56.0,2021,Ford,EcoSport,"[""SUV""]"
57,57.0,2021,Ford,Edge,"[""SUV""]"
58,58.0,2021,Ford,Escape,"[""SUV""]"
59,59.0,2021,Ford,Expedition,"[""SUV""]"
60,60.0,2021,Ford,Expedition MAX,"[""SUV""]"
61,61.0,2021,Ford,Explorer,"[""SUV""]"
62,62.0,2021,Ford,F150 SuperCrew Cab,"[""Pickup""]"
63,63.0,2021,Ford,F250 Super Duty Crew Cab,"[""Pickup""]"
64,64.0,2021,Ford,Mustang,"[""Coupe"", ""Convertible""]"
65,65.0,2021,Ford,Ranger SuperCrew,"[""Pickup""]"
66,66.0,2021,Ford,Transit Connect Cargo Van,"[""Van/Minivan""]"
67,67.0,2021,Genesis,G70,"[""Sedan""]"
68,68.0,2021,Genesis,G80,"[""Sedan""]"
69,69.0,2021,Genesis,G90,"[""Sedan""]"
70,70.0,2021,Genesis,GV80,"[""SUV""]"
71,71.0,2021,GMC,Acadia,"[""SUV""]"
72,72.0,2021,GMC,Canyon Crew Cab,"[""Pickup""]"
73,73.0,2021,GMC,Canyon Extended Cab,"[""Pickup""]"
74,74.0,2021,GMC,Sierra 1500 Crew Cab,"[""Pickup""]"
75,75.0,2021,GMC,Sierra 2500 HD Crew Cab,"[""Pickup""]"
76,76.0,2021,GMC,Sierra 3500 HD Crew Cab,"[""Pickup""]"
77,77.0,2021,GMC,Terrain,"[""SUV""]"
78,78.0,2021,GMC,Yukon,"[""SUV""]"
79,79.0,2021,GMC,Yukon XL,"[""SUV""]"
80,80.0,2021,Honda,Accord,"[""Sedan""]"
81,81.0,2021,Honda,Accord Hybrid,"[""Sedan""]"
82,82.0,2021,Honda,Civic,"[""Hatchback"", ""Sedan""]"
83,83.0,2021,Honda,Civic Type R,"[""Hatchback""]"
84,84.0,2021,Honda,CR-V,"[""SUV""]"
85,85.0,2021,Honda,CR-V Hybrid,"[""SUV""]"
86,86.0,2021,Honda,HR-V,"[""SUV""]"
87,87.0,2021,Honda,Insight,"[""Sedan""]"
88,88.0,2021,Honda,Odyssey,"[""Van/Minivan""]"
89,89.0,2021,Honda,Passport,"[""SUV""]"
90,90.0,2021,Honda,Pilot,"[""SUV""]"
91,91.0,2021,Honda,Ridgeline,"[""Pickup""]"
92,92.0,2021,Hyundai,Accent,"[""Sedan""]"
93,93.0,2021,Hyundai,Elantra,"[""Sedan""]"
94,94.0,2021,Hyundai,Ioniq Electric,"[""Hatchback""]"
95,95.0,2021,Hyundai,Ioniq Hybrid,"[""Hatchback""]"
96,96.0,2021,Hyundai,Ioniq Plug-in Hybrid,"[""Hatchback""]"
97,97.0,2021,Hyundai,Kona,"[""SUV""]"
98,98.0,2021,Hyundai,Kona Electric,"[""SUV""]"
99,99.0,2021,Hyundai,Palisade,"[""SUV""]"
100,100.0,2021,Hyundai,Santa Fe,"[""SUV""]"
101,101.0,2021,Hyundai,Sonata,"[""Sedan""]"
102,102.0,2021,Hyundai,Sonata Hybrid,"[""Sedan""]"
103,103.0,2021,Hyundai,Tucson,"[""SUV""]"
104,104.0,2021,Hyundai,Veloster,"[""Coupe""]"
105,105.0,2021,Hyundai,Venue,"[""SUV""]"
106,106.0,2021,INFINITI,Q50,"[""Sedan""]"
107,107.0,2021,INFINITI,QX50,"[""SUV""]"
108,108.0,2021,INFINITI,QX80,"[""SUV""]"
109,109.0,2021,Jaguar,E-PACE,"[""SUV""]"
110,110.0,2021,Jaguar,I-PACE,"[""SUV""]"
111,111.0,2021,Jeep,Cherokee,"[""SUV""]"
112,112.0,2021,Jeep,Compass,"[""SUV""]"
113,113.0,2021,Jeep,Gladiator,"[""Pickup""]"
114,114.0,2021,Jeep,Grand Cherokee,"[""SUV""]"
115,115.0,2021,Jeep,Grand Cherokee L,"[""SUV""]"
116,116.0,2021,Jeep,Renegade,"[""SUV""]"
117,117.0,2021,Jeep,Wrangler,"[""SUV""]"
118,118.0,2021,Jeep,Wrangler Unlimited,"[""SUV""]"
119,119.0,2021,Kia,Forte,"[""Sedan""]"
120,120.0,2021,Kia,K5,"[""Sedan""]"
121,121.0,2021,Kia,Rio,"[""Hatchback"", ""Sedan""]"
122,122.0,2021,Kia,Sedona,"[""Van/Minivan""]"
123,123.0,2021,Kia,Seltos,"[""SUV""]"
124,124.0,2021,Kia,Sorento,"[""SUV""]"
125,125.0,2021,Kia,Soul,"[""Wagon""]"
126,126.0,2021,Kia,Sportage,"[""SUV""]"
127,127.0,2021,Kia,Stinger,"[""Sedan""]"
128,128.0,2021,Kia,Telluride,"[""SUV""]"
129,129.0,2021,Land Rover,Discovery,"[""SUV""]"
130,130.0,2021,Land Rover,Range Rover,"[""SUV""]"
131,131.0,2021,Land Rover,Range Rover Sport,"[""SUV""]"
132,132.0,2021,Land Rover,Range Rover Velar,"[""SUV""]"
133,133.0,2021,Lexus,ES,"[""Sedan""]"
134,134.0,2021,Lexus,GX,"[""SUV""]"
135,135.0,2021,Lexus,IS,"[""Sedan""]"
136,136.0,2021,Lexus,LC,"[""Coupe"", ""Convertible""]"
137,137.0,2021,Lexus,LS,"[""Sedan""]"
138,138.0,2021,Lexus,LX,"[""SUV""]"
139,139.0,2021,Lexus,NX,"[""SUV""]"
140,140.0,2021,Lexus,RC,"[""Coupe""]"
141,141.0,2021,Lexus,RX,"[""SUV""]"
142,142.0,2021,Lexus,UX,"[""SUV""]"
143,143.0,2021,Lincoln,Aviator,"[""SUV""]"
144,144.0,2021,Lincoln,Corsair,"[""SUV""]"
145,145.0,2021,Lincoln,Nautilus,"[""SUV""]"
146,146.0,2021,Lincoln,Navigator,"[""SUV""]"
147,147.0,2021,Lincoln,Navigator L,"[""SUV""]"
148,148.0,2021,MAZDA,CX-3,"[""SUV""]"
149,149.0,2021,MAZDA,CX-30,"[""SUV""]"
150,150.0,2021,MAZDA,CX-5,"[""SUV""]"
151,151.0,2021,MAZDA,CX-9,"[""SUV""]"
152,152.0,2021,MAZDA,MAZDA3,"[""Hatchback"", ""Sedan""]"
153,153.0,2021,MAZDA,MAZDA6,"[""Sedan""]"
154,154.0,2021,MAZDA,MX-5 Miata,"[""Convertible""]"
155,155.0,2021,MAZDA,MX-5 Miata RF,"[""Convertible""]"
156,156.0,2021,Mercedes-Benz,A-Class,"[""Sedan""]"
157,157.0,2021,Mercedes-Benz,C-Class,"[""Coupe""]"
158,158.0,2021,Mercedes-Benz,G-Class,"[""SUV""]"
159,159.0,2021,Mercedes-Benz,GLA,"[""SUV""]"
160,160.0,2021,Mercedes-Benz,GLB,"[""SUV""]"
161,161.0,2021,Mercedes-Benz,GLC,"[""SUV""]"
162,162.0,2021,Mercedes-Benz,GLE,"[""SUV""]"
163,163.0,2021,Mercedes-Benz,Mercedes-AMG G-Class,"[""SUV""]"
164,164.0,2021,Mitsubishi,Outlander Sport,"[""SUV""]"
165,165.0,2021,Nissan,Altima,"[""Sedan""]"
166,166.0,2021,Nissan,Frontier Crew Cab,"[""Pickup""]"
167,167.0,2021,Nissan,Frontier King Cab,"[""Pickup""]"
168,168.0,2021,Nissan,Kicks,"[""SUV""]"
169,169.0,2021,Nissan,LEAF,"[""Hatchback""]"
170,170.0,2021,Nissan,Maxima,"[""Sedan""]"
171,171.0,2021,Nissan,Murano,"[""SUV""]"
172,172.0,2021,Nissan,NV3500 HD Cargo,"[""Van/Minivan""]"
173,173.0,2021,Nissan,Rogue,"[""SUV""]"
174,174.0,2021,Nissan,Sentra,"[""Sedan""]"
175,175.0,2021,Nissan,TITAN XD Crew Cab,"[""Pickup""]"
176,176.0,2021,Nissan,Versa,"[""Sedan""]"
177,177.0,2021,Polestar,2,"[""Hatchback""]"
178,178.0,2021,Porsche,718 Boxster,"[""Convertible""]"
179,179.0,2021,Porsche,718 Cayman,"[""Coupe""]"
180,180.0,2021,Porsche,718 Spyder,"[""Convertible""]"
181,181.0,2021,Porsche,911,"[""Coupe"", ""Convertible""]"
182,182.0,2021,Porsche,Cayenne,"[""SUV""]"
183,183.0,2021,Porsche,Cayenne Coupe,"[""SUV""]"
184,184.0,2021,Porsche,Macan,"[""SUV""]"
185,185.0,2021,Porsche,Panamera,"[""Sedan""]"
186,186.0,2021,Porsche,Taycan,"[""Sedan""]"
187,187.0,2021,Ram,1500 Crew Cab,"[""Pickup""]"
188,188.0,2021,Ram,2500 Crew Cab,"[""Pickup""]"
189,189.0,2021,Ram,2500 Mega Cab,"[""Pickup""]"
190,190.0,2021,Ram,ProMaster Cargo Van,"[""Van/Minivan""]"
191,191.0,2021,Ram,ProMaster City,"[""Van/Minivan""]"
192,192.0,2021,Ram,ProMaster Window Van,"[""Van/Minivan""]"
193,193.0,2021,Rivian,R1S,"[""SUV""]"
194,194.0,2021,Rivian,R1T,"[""Pickup""]"
195,195.0,2021,Subaru,Ascent,"[""SUV""]"
196,196.0,2021,Subaru,Crosstrek,"[""SUV""]"
197,197.0,2021,Subaru,Forester,"[""SUV""]"
198,198.0,2021,Subaru,Impreza,"[""Wagon"", ""Sedan""]"
199,199.0,2021,Subaru,Legacy,"[""Sedan""]"
200,200.0,2021,Subaru,Outback,"[""SUV""]"
201,201.0,2021,Tesla,Model S,"[""Sedan""]"
202,202.0,2021,Tesla,Model X,"[""SUV""]"
203,203.0,2021,Toyota,4Runner,"[""SUV""]"
204,204.0,2021,Toyota,Avalon,"[""Sedan""]"
205,205.0,2021,Toyota,Avalon Hybrid,"[""Sedan""]"
206,206.0,2021,Toyota,Camry,"[""Sedan""]"
207,207.0,2021,Toyota,Camry Hybrid,"[""Sedan""]"
208,208.0,2021,Toyota,C-HR,"[""SUV""]"
209,209.0,2021,Toyota,Corolla,"[""Sedan""]"
210,210.0,2021,Toyota,Corolla Hatchback,"[""Hatchback""]"
211,211.0,2021,Toyota,Corolla Hybrid,"[""Sedan""]"
212,212.0,2021,Toyota,GR Supra,"[""Coupe""]"
213,213.0,2021,Toyota,Highlander,"[""SUV""]"
214,214.0,2021,Toyota,Highlander Hybrid,"[""SUV""]"
215,215.0,2021,Toyota,Land Cruiser,"[""SUV""]"
216,216.0,2021,Toyota,Prius,"[""Hatchback""]"
217,217.0,2021,Toyota,Prius Prime,"[""Hatchback""]"
218,218.0,2021,Toyota,RAV4,"[""SUV""]"
219,219.0,2021,Toyota,RAV4 Hybrid,"[""SUV""]"
220,220.0,2021,Toyota,RAV4 Prime,"[""SUV""]"
221,221.0,2021,Toyota,Sequoia,"[""SUV""]"
222,222.0,2021,Toyota,Sienna,"[""Van/Minivan""]"
223,223.0,2021,Toyota,Tacoma Access Cab,"[""Pickup""]"
224,224.0,2021,Toyota,Tacoma Double Cab,"[""Pickup""]"
225,225.0,2021,Toyota,Tundra CrewMax,"[""Pickup""]"
226,226.0,2021,Toyota,Tundra Double Cab,"[""Pickup""]"
227,227.0,2021,Toyota,Venza,"[""SUV""]"
228,228.0,2021,Volkswagen,Atlas,"[""SUV""]"
229,229.0,2021,Volkswagen,Atlas Cross Sport,"[""SUV""]"
230,230.0,2021,Volkswagen,Golf,"[""Hatchback""]"
231,231.0,2021,Volkswagen,Jetta,"[""Sedan""]"
232,232.0,2021,Volkswagen,Passat,"[""Sedan""]"
233,233.0,2021,Volkswagen,Tiguan,"[""SUV""]"
234,234.0,2021,Volvo,S90,"[""Sedan""]"
235,235.0,2021,Volvo,V60,"[""Wagon""]"
236,236.0,2021,Volvo,V90,"[""Wagon""]"
237,237.0,2021,Volvo,XC40,"[""SUV""]"
238,238.0,2021,Volvo,XC60,"[""SUV""]"
239,239.0,2021,Volvo,XC90,"[""SUV""]"
0,,2020,Acura,ILX,"[""Sedan""]"
1,,2020,Acura,MDX,"[""SUV""]"
2,,2020,Acura,MDX Sport Hybrid,"[""SUV""]"
3,,2020,Acura,NSX,"[""Coupe""]"
4,,2020,Acura,RDX,"[""SUV""]"
5,,2020,Acura,RLX,"[""Sedan""]"
6,,2020,Acura,RLX Sport Hybrid,"[""Sedan""]"
7,,2020,Acura,TLX,"[""Sedan""]"
8,,2020,Alfa Romeo,4C Spider,"[""Convertible""]"
9,,2020,Alfa Romeo,Giulia,"[""Sedan""]"
10,,2020,Alfa Romeo,Stelvio,"[""SUV""]"
11,,2020,Audi,A3,"[""Sedan""]"
12,,2020,Audi,A4,"[""Sedan""]"
13,,2020,Audi,A5,"[""Coupe"", ""Convertible"", ""Sedan""]"
14,,2020,Audi,A6,"[""Sedan""]"
15,,2020,Audi,A6 allroad,"[""Wagon""]"
16,,2020,Audi,A7,"[""Sedan""]"
17,,2020,Audi,Q3,"[""SUV""]"
18,,2020,Audi,Q5,"[""SUV""]"
19,,2020,Audi,Q7,"[""SUV""]"
20,,2020,Audi,Q8,"[""SUV""]"
21,,2020,Audi,R8,"[""Coupe"", ""Convertible""]"
22,,2020,Audi,S4,"[""Sedan""]"
23,,2020,Audi,S8,"[""Sedan""]"
24,,2020,Audi,SQ5,"[""SUV""]"
25,,2020,Audi,TT,"[""Coupe""]"
26,,2020,BMW,2 Series,"[""Coupe"", ""Sedan"", ""Convertible""]"
27,,2020,BMW,3 Series,"[""Sedan""]"
28,,2020,BMW,4 Series,"[""Sedan"", ""Coupe"", ""Convertible""]"
29,,2020,BMW,5 Series,"[""Sedan""]"
30,,2020,BMW,7 Series,"[""Sedan""]"
31,,2020,BMW,8 Series,"[""Coupe"", ""Convertible"", ""Sedan""]"
32,,2020,BMW,M2,"[""Coupe""]"
33,,2020,BMW,X1,"[""SUV""]"
34,,2020,BMW,X2,"[""SUV""]"
35,,2020,BMW,X3,"[""SUV""]"
36,,2020,BMW,X3 M,"[""SUV""]"
37,,2020,BMW,X4,"[""SUV""]"
38,,2020,BMW,X5,"[""SUV""]"
39,,2020,BMW,X6,"[""SUV""]"
40,,2020,BMW,X7,"[""SUV""]"
41,,2020,BMW,Z4,"[""Convertible""]"
42,,2020,Buick,Enclave,"[""SUV""]"
43,,2020,Buick,Encore,"[""SUV""]"
44,,2020,Buick,Encore GX,"[""SUV""]"
45,,2020,Buick,Envision,"[""SUV""]"
46,,2020,Buick,Regal Sportback,"[""Sedan""]"
47,,2020,Buick,Regal TourX,"[""Wagon""]"
48,,2020,Cadillac,CT4,"[""Sedan""]"
49,,2020,Cadillac,CT5,"[""Sedan""]"
50,,2020,Cadillac,CT6,"[""Sedan""]"
51,,2020,Cadillac,CT6-V,"[""Sedan""]"
52,,2020,Cadillac,Escalade,"[""SUV""]"
53,,2020,Cadillac,Escalade ESV,"[""SUV""]"
54,,2020,Cadillac,XT4,"[""SUV""]"
55,,2020,Cadillac,XT5,"[""SUV""]"
56,,2020,Cadillac,XT6,"[""SUV""]"
57,,2020,Chevrolet,Blazer,"[""SUV""]"
58,,2020,Chevrolet,Bolt EV,"[""Hatchback""]"
59,,2020,Chevrolet,Camaro,"[""Convertible"", ""Coupe""]"
60,,2020,Chevrolet,Colorado Crew Cab,"[""Pickup""]"
61,,2020,Chevrolet,Colorado Extended Cab,"[""Pickup""]"
62,,2020,Chevrolet,Corvette,"[""Coupe"", ""Convertible""]"
63,,2020,Chevrolet,Equinox,"[""SUV""]"
64,,2020,Chevrolet,Express 2500 Cargo,"[""Van/Minivan""]"
65,,2020,Chevrolet,Express 3500 Cargo,"[""Van/Minivan""]"
66,,2020,Chevrolet,Impala,"[""Sedan""]"
67,,2020,Chevrolet,Malibu,"[""Sedan""]"
68,,2020,Chevrolet,Silverado 1500 Crew Cab,"[""Pickup""]"
69,,2020,Chevrolet,Silverado 1500 Double Cab,"[""Pickup""]"
70,,2020,Chevrolet,Silverado 1500 Regular Cab,"[""Pickup""]"
71,,2020,Chevrolet,Silverado 2500 HD Crew Cab,"[""Pickup""]"
72,,2020,Chevrolet,Silverado 2500 HD Double Cab,"[""Pickup""]"
73,,2020,Chevrolet,Silverado 3500 HD Crew Cab,"[""Pickup""]"
74,,2020,Chevrolet,Sonic,"[""Sedan"", ""Hatchback""]"
75,,2020,Chevrolet,Spark,"[""Hatchback""]"
76,,2020,Chevrolet,Suburban,"[""SUV""]"
77,,2020,Chevrolet,Tahoe,"[""SUV""]"
78,,2020,Chevrolet,Traverse,"[""SUV""]"
79,,2020,Chevrolet,Trax,"[""SUV""]"
80,,2020,Chrysler,300,"[""Sedan""]"
81,,2020,Chrysler,Pacifica,"[""Van/Minivan""]"
82,,2020,Chrysler,Pacifica Hybrid,"[""Van/Minivan""]"
83,,2020,Chrysler,Voyager,"[""Van/Minivan""]"
84,,2020,Dodge,Challenger,"[""Coupe""]"
85,,2020,Dodge,Charger,"[""Sedan""]"
86,,2020,Dodge,Durango,"[""SUV""]"
87,,2020,Dodge,Grand Caravan Passenger,"[""Van/Minivan""]"
88,,2020,Dodge,Journey,"[""SUV""]"
89,,2020,FIAT,124 Spider,"[""Convertible""]"
90,,2020,FIAT,500L,"[""Hatchback""]"
91,,2020,FIAT,500X,"[""SUV""]"
92,,2020,Ford,EcoSport,"[""SUV""]"
93,,2020,Ford,Edge,"[""SUV""]"
94,,2020,Ford,Escape,"[""SUV""]"
95,,2020,Ford,Expedition,"[""SUV""]"
96,,2020,Ford,Expedition MAX,"[""SUV""]"
97,,2020,Ford,Explorer,"[""SUV""]"
98,,2020,Ford,F150 Regular Cab,"[""Pickup""]"
99,,2020,Ford,F150 Super Cab,"[""Pickup""]"
100,,2020,Ford,F150 SuperCrew Cab,"[""Pickup""]"
101,,2020,Ford,F250 Super Duty Crew Cab,"[""Pickup""]"
102,,2020,Ford,F250 Super Duty Regular Cab,"[""Pickup""]"
103,,2020,Ford,F250 Super Duty Super Cab,"[""Pickup""]"
104,,2020,Ford,F350 Super Duty Crew Cab,"[""Pickup""]"
105,,2020,Ford,F350 Super Duty Super Cab,"[""Pickup""]"
106,,2020,Ford,F450 Super Duty Crew Cab,"[""Pickup""]"
107,,2020,Ford,Fusion,"[""Sedan""]"
108,,2020,Ford,Fusion Plug-in Hybrid,"[""Sedan""]"
109,,2020,Ford,Mustang,"[""Coupe"", ""Convertible""]"
110,,2020,Ford,Ranger SuperCab,"[""Pickup""]"
111,,2020,Ford,Ranger SuperCrew,"[""Pickup""]"
112,,2020,Ford,Transit 250 Cargo Van,"[""Van/Minivan""]"
113,,2020,Ford,Transit 350 Passenger Van,"[""Van/Minivan""]"
114,,2020,Ford,Transit Connect Cargo Van,"[""Van/Minivan""]"
115,,2020,Ford,Transit Connect Passenger Wagon,"[""Van/Minivan""]"
116,,2020,Freightliner,Sprinter 1500 Cargo,"[""Van/Minivan""]"
117,,2020,Freightliner,Sprinter 1500 Passenger,"[""Van/Minivan""]"
118,,2020,Freightliner,Sprinter 2500 Cargo,"[""Van/Minivan""]"
119,,2020,Freightliner,Sprinter 2500 Crew,"[""Van/Minivan""]"
120,,2020,Freightliner,Sprinter 2500 Passenger,"[""Van/Minivan""]"
121,,2020,Freightliner,Sprinter 3500 Cargo,"[""Van/Minivan""]"
122,,2020,Freightliner,Sprinter 3500 Crew,"[""Van/Minivan""]"
123,,2020,Freightliner,Sprinter 3500 XD Crew,"[""Van/Minivan""]"
124,,2020,Freightliner,Sprinter 3500XD Cargo,"[""Van/Minivan""]"
125,,2020,Freightliner,Sprinter 4500 Cargo,"[""Van/Minivan""]"
126,,2020,Freightliner,Sprinter 4500 Crew,"[""Van/Minivan""]"
127,,2020,Genesis,G70,"[""Sedan""]"
128,,2020,Genesis,G80,"[""Sedan""]"
129,,2020,Genesis,G90,"[""Sedan""]"
130,,2020,GMC,Acadia,"[""SUV""]"
131,,2020,GMC,Canyon Crew Cab,"[""Pickup""]"
132,,2020,GMC,Sierra 1500 Crew Cab,"[""Pickup""]"
133,,2020,GMC,Sierra 1500 Double Cab,"[""Pickup""]"
134,,2020,GMC,Sierra 1500 Regular Cab,"[""Pickup""]"
135,,2020,GMC,Sierra 2500 HD Crew Cab,"[""Pickup""]"
136,,2020,GMC,Sierra 3500 HD Crew Cab,"[""Pickup""]"
137,,2020,GMC,Terrain,"[""SUV""]"
138,,2020,GMC,Yukon,"[""SUV""]"
139,,2020,GMC,Yukon XL,"[""SUV""]"
140,,2020,Honda,Accord,"[""Sedan""]"
141,,2020,Honda,Accord Hybrid,"[""Sedan""]"
142,,2020,Honda,Civic,"[""Hatchback"", ""Coupe"", ""Sedan""]"
143,,2020,Honda,Civic Type R,"[""Hatchback""]"
144,,2020,Honda,Clarity Fuel Cell,"[""Sedan""]"
145,,2020,Honda,Clarity Plug-in Hybrid,"[""Sedan""]"
146,,2020,Honda,CR-V,"[""SUV""]"
147,,2020,Honda,CR-V Hybrid,"[""SUV""]"
148,,2020,Honda,Fit,"[""Hatchback""]"
149,,2020,Honda,HR-V,"[""SUV""]"
150,,2020,Honda,Insight,"[""Sedan""]"
151,,2020,Honda,Odyssey,"[""Van/Minivan""]"
152,,2020,Honda,Passport,"[""SUV""]"
153,,2020,Honda,Pilot,"[""SUV""]"
154,,2020,Honda,Ridgeline,"[""Pickup""]"
155,,2020,Hyundai,Accent,"[""Sedan""]"
156,,2020,Hyundai,Elantra,"[""Sedan""]"
157,,2020,Hyundai,Elantra GT,"[""Hatchback""]"
158,,2020,Hyundai,Ioniq Electric,"[""Hatchback""]"
159,,2020,Hyundai,Ioniq Hybrid,"[""Hatchback""]"
160,,2020,Hyundai,Ioniq Plug-in Hybrid,"[""Hatchback""]"
161,,2020,Hyundai,Kona,"[""SUV""]"
162,,2020,Hyundai,Kona Electric,"[""SUV""]"
163,,2020,Hyundai,NEXO,"[""SUV""]"
164,,2020,Hyundai,Palisade,"[""SUV""]"
165,,2020,Hyundai,Santa Fe,"[""SUV""]"
166,,2020,Hyundai,Sonata,"[""Sedan""]"
167,,2020,Hyundai,Sonata Hybrid,"[""Sedan""]"
168,,2020,Hyundai,Tucson,"[""SUV""]"
169,,2020,Hyundai,Veloster,"[""Coupe""]"
170,,2020,Hyundai,Venue,"[""SUV""]"
171,,2020,INFINITI,Q50,"[""Sedan""]"
172,,2020,INFINITI,Q60,"[""Coupe""]"
173,,2020,INFINITI,QX50,"[""SUV""]"
174,,2020,INFINITI,QX60,"[""SUV""]"
175,,2020,INFINITI,QX80,"[""SUV""]"
176,,2020,Jaguar,E-PACE,"[""SUV""]"
177,,2020,Jaguar,F-PACE,"[""SUV""]"
178,,2020,Jaguar,F-TYPE,"[""Coupe"", ""Convertible""]"
179,,2020,Jaguar,I-PACE,"[""SUV""]"
180,,2020,Jaguar,XE,"[""Sedan""]"
181,,2020,Jaguar,XF,"[""Sedan"", ""Wagon""]"
182,,2020,Jeep,Cherokee,"[""SUV""]"
183,,2020,Jeep,Compass,"[""SUV""]"
184,,2020,Jeep,Gladiator,"[""Pickup""]"
185,,2020,Jeep,Grand Cherokee,"[""SUV""]"
186,,2020,Jeep,Renegade,"[""SUV""]"
187,,2020,Jeep,Wrangler,"[""SUV""]"
188,,2020,Jeep,Wrangler Unlimited,"[""SUV""]"
189,,2020,Kia,Cadenza,"[""Sedan""]"
190,,2020,Kia,Forte,"[""Sedan""]"
191,,2020,Kia,K900,"[""Sedan""]"
192,,2020,Kia,Niro,"[""Wagon""]"
193,,2020,Kia,Niro EV,"[""Wagon""]"
194,,2020,Kia,Niro Plug-in Hybrid,"[""Wagon""]"
195,,2020,Kia,Optima,"[""Sedan""]"
196,,2020,Kia,Optima Hybrid,"[""Sedan""]"
197,,2020,Kia,Optima Plug-in Hybrid,"[""Sedan""]"
198,,2020,Kia,Rio,"[""Sedan"", ""Hatchback""]"
199,,2020,Kia,Sedona,"[""Van/Minivan""]"
200,,2020,Kia,Sorento,"[""SUV""]"
201,,2020,Kia,Soul,"[""Wagon""]"
202,,2020,Kia,Sportage,"[""SUV""]"
203,,2020,Kia,Stinger,"[""Sedan""]"
204,,2020,Kia,Telluride,"[""SUV""]"
205,,2020,Land Rover,Defender 110,"[""SUV""]"
206,,2020,Land Rover,Defender 90,"[""SUV""]"
207,,2020,Land Rover,Discovery,"[""SUV""]"
208,,2020,Land Rover,Discovery Sport,"[""SUV""]"
209,,2020,Land Rover,Range Rover,"[""SUV""]"
210,,2020,Land Rover,Range Rover Evoque,"[""SUV""]"
211,,2020,Land Rover,Range Rover Sport,"[""SUV""]"
212,,2020,Land Rover,Range Rover Velar,"[""SUV""]"
213,,2020,Lexus,ES,"[""Sedan""]"
214,,2020,Lexus,GS,"[""Sedan""]"
215,,2020,Lexus,GX,"[""SUV""]"
216,,2020,Lexus,IS,"[""Sedan""]"
217,,2020,Lexus,LC,"[""Coupe""]"
218,,2020,Lexus,LS,"[""Sedan""]"
219,,2020,Lexus,LX,"[""SUV""]"
220,,2020,Lexus,NX,"[""SUV""]"
221,,2020,Lexus,RC,"[""Coupe""]"
222,,2020,Lexus,RX,"[""SUV""]"
223,,2020,Lexus,UX,"[""SUV""]"
224,,2020,Lincoln,Aviator,"[""SUV""]"
225,,2020,Lincoln,Continental,"[""Sedan""]"
226,,2020,Lincoln,Corsair,"[""SUV""]"
227,,2020,Lincoln,MKZ,"[""Sedan""]"
228,,2020,Lincoln,Nautilus,"[""SUV""]"
229,,2020,Lincoln,Navigator,"[""SUV""]"
230,,2020,Lincoln,Navigator L,"[""SUV""]"
231,,2020,MAZDA,CX-3,"[""SUV""]"
232,,2020,MAZDA,CX-30,"[""SUV""]"
233,,2020,MAZDA,CX-5,"[""SUV""]"
234,,2020,MAZDA,CX-9,"[""SUV""]"
235,,2020,MAZDA,MAZDA3,"[""Sedan"", ""Hatchback""]"
236,,2020,MAZDA,MAZDA6,"[""Sedan""]"
237,,2020,MAZDA,MX-5 Miata,"[""Convertible""]"
238,,2020,MAZDA,MX-5 Miata RF,"[""Convertible""]"
239,,2020,Mercedes-Benz,A-Class,"[""Sedan""]"
240,,2020,Mercedes-Benz,C-Class,"[""Sedan"", ""Convertible"", ""Coupe""]"
241,,2020,Mercedes-Benz,CLA,"[""Sedan""]"
242,,2020,Mercedes-Benz,CLS,"[""Sedan""]"
243,,2020,Mercedes-Benz,E-Class,"[""Sedan"", ""Coupe"", ""Wagon"", ""Convertible""]"
244,,2020,Mercedes-Benz,G-Class,"[""SUV""]"
245,,2020,Mercedes-Benz,GLA,"[""SUV""]"
246,,2020,Mercedes-Benz,GLB,"[""SUV""]"
247,,2020,Mercedes-Benz,GLC,"[""SUV""]"
248,,2020,Mercedes-Benz,GLE,"[""SUV""]"
249,,2020,Mercedes-Benz,GLS,"[""SUV""]"
250,,2020,Mercedes-Benz,Mercedes-AMG A-Class,"[""Sedan""]"
251,,2020,Mercedes-Benz,Mercedes-AMG C-Class,"[""Sedan"", ""Coupe"", ""Convertible""]"
252,,2020,Mercedes-Benz,Mercedes-AMG CLS,"[""Sedan""]"
253,,2020,Mercedes-Benz,Mercedes-AMG GLC,"[""SUV""]"
254,,2020,Mercedes-Benz,Mercedes-AMG GLC Coupe,"[""SUV""]"
255,,2020,Mercedes-Benz,Metris WORKER Cargo,"[""Van/Minivan""]"
256,,2020,Mercedes-Benz,Metris WORKER Passenger,"[""Van/Minivan""]"
257,,2020,Mercedes-Benz,S-Class,"[""Sedan"", ""Coupe"", ""Convertible""]"
258,,2020,Mercedes-Benz,SLC,"[""Convertible""]"
259,,2020,Mercedes-Benz,Sprinter 1500 Cargo,"[""Van/Minivan""]"
260,,2020,Mercedes-Benz,Sprinter 1500 Passenger,"[""Van/Minivan""]"
261,,2020,Mercedes-Benz,Sprinter 2500 Cargo,"[""Van/Minivan""]"
262,,2020,Mercedes-Benz,Sprinter 2500 Crew,"[""Van/Minivan""]"
263,,2020,Mercedes-Benz,Sprinter 2500 Passenger,"[""Van/Minivan""]"
264,,2020,Mercedes-Benz,Sprinter 3500 Cargo,"[""Van/Minivan""]"
265,,2020,Mercedes-Benz,Sprinter 3500 Crew,"[""Van/Minivan""]"
266,,2020,Mercedes-Benz,Sprinter 3500 XD Cargo,"[""Van/Minivan""]"
267,,2020,Mercedes-Benz,Sprinter 3500 XD Crew,"[""Van/Minivan""]"
268,,2020,Mercedes-Benz,Sprinter 4500 Cargo,"[""Van/Minivan""]"
269,,2020,Mercedes-Benz,Sprinter 4500 Crew,"[""Van/Minivan""]"
270,,2020,MINI,Clubman,"[""Hatchback""]"
271,,2020,MINI,Countryman,"[""SUV""]"
272,,2020,MINI,Hardtop 2 Door,"[""Hatchback""]"
273,,2020,MINI,Hardtop 4 Door,"[""Hatchback""]"
274,,2020,Mitsubishi,Eclipse Cross,"[""SUV""]"
275,,2020,Mitsubishi,Mirage,"[""Hatchback""]"
276,,2020,Mitsubishi,Mirage G4,"[""Sedan""]"
277,,2020,Mitsubishi,Outlander,"[""SUV""]"
278,,2020,Mitsubishi,Outlander PHEV,"[""SUV""]"
279,,2020,Mitsubishi,Outlander Sport,"[""SUV""]"
280,,2020,Nissan,370Z,"[""Coupe""]"
281,,2020,Nissan,Altima,"[""Sedan""]"
282,,2020,Nissan,Armada,"[""SUV""]"
283,,2020,Nissan,Frontier Crew Cab,"[""Pickup""]"
284,,2020,Nissan,Frontier King Cab,"[""Pickup""]"
285,,2020,Nissan,GT-R,"[""Coupe""]"
286,,2020,Nissan,Kicks,"[""SUV""]"
287,,2020,Nissan,LEAF,"[""Hatchback""]"
288,,2020,Nissan,Maxima,"[""Sedan""]"
289,,2020,Nissan,Murano,"[""SUV""]"
290,,2020,Nissan,NV1500 Cargo,"[""Van/Minivan""]"
291,,2020,Nissan,NV200,"[""Van/Minivan""]"
292,,2020,Nissan,NV2500 HD Cargo,"[""Van/Minivan""]"
293,,2020,Nissan,NV3500 HD Cargo,"[""Van/Minivan""]"
294,,2020,Nissan,NV3500 HD Passenger,"[""Van/Minivan""]"
295,,2020,Nissan,Pathfinder,"[""SUV""]"
296,,2020,Nissan,Rogue,"[""SUV""]"
297,,2020,Nissan,Rogue Sport,"[""SUV""]"
298,,2020,Nissan,Sentra,"[""Sedan""]"
299,,2020,Nissan,Titan Crew Cab,"[""Pickup""]"
300,,2020,Nissan,Titan King Cab,"[""Pickup""]"
301,,2020,Nissan,TITAN XD Crew Cab,"[""Pickup""]"
302,,2020,Nissan,Versa,"[""Sedan""]"
303,,2020,Porsche,718 Boxster,"[""Convertible""]"
304,,2020,Porsche,718 Cayman,"[""Coupe""]"
305,,2020,Porsche,718 Spyder,"[""Convertible""]"
306,,2020,Porsche,911,"[""Convertible"", ""Coupe""]"
307,,2020,Porsche,Cayenne,"[""SUV""]"
308,,2020,Porsche,Cayenne Coupe,"[""SUV""]"
309,,2020,Porsche,Macan,"[""SUV""]"
310,,2020,Porsche,Panamera,"[""Sedan""]"
311,,2020,Porsche,Taycan,"[""Sedan""]"
312,,2020,Ram,1500 Classic Crew Cab,"[""Pickup""]"
313,,2020,Ram,1500 Classic Quad Cab,"[""Pickup""]"
314,,2020,Ram,1500 Crew Cab,"[""Pickup""]"
315,,2020,Ram,1500 Quad Cab,"[""Pickup""]"
316,,2020,Ram,2500 Crew Cab,"[""Pickup""]"
317,,2020,Ram,3500 Crew Cab,"[""Pickup""]"
318,,2020,Ram,ProMaster Cargo Van,"[""Van/Minivan""]"
319,,2020,Ram,ProMaster City,"[""Van/Minivan""]"
320,,2020,Subaru,Ascent,"[""SUV""]"
321,,2020,Subaru,BRZ,"[""Coupe""]"
322,,2020,Subaru,Crosstrek,"[""SUV""]"
323,,2020,Subaru,Forester,"[""SUV""]"
324,,2020,Subaru,Impreza,"[""Wagon"", ""Sedan""]"
325,,2020,Subaru,Legacy,"[""Sedan""]"
326,,2020,Subaru,Outback,"[""SUV""]"
327,,2020,Subaru,WRX,"[""Sedan""]"
328,,2020,Tesla,Model 3,"[""Sedan""]"
329,,2020,Tesla,Model S,"[""Sedan""]"
330,,2020,Tesla,Model X,"[""SUV""]"
331,,2020,Tesla,Model Y,"[""SUV""]"
332,,2020,Toyota,4Runner,"[""SUV""]"
333,,2020,Toyota,86,"[""Coupe""]"
334,,2020,Toyota,Avalon,"[""Sedan""]"
335,,2020,Toyota,Avalon Hybrid,"[""Sedan""]"
336,,2020,Toyota,Camry,"[""Sedan""]"
337,,2020,Toyota,Camry Hybrid,"[""Sedan""]"
338,,2020,Toyota,C-HR,"[""SUV""]"
339,,2020,Toyota,Corolla,"[""Sedan""]"
340,,2020,Toyota,Corolla Hatchback,"[""Hatchback""]"
341,,2020,Toyota,Corolla Hybrid,"[""Sedan""]"
342,,2020,Toyota,GR Supra,"[""Coupe""]"
343,,2020,Toyota,Highlander,"[""SUV""]"
344,,2020,Toyota,Highlander Hybrid,"[""SUV""]"
345,,2020,Toyota,Land Cruiser,"[""SUV""]"
346,,2020,Toyota,Mirai,"[""Sedan""]"
347,,2020,Toyota,Prius,"[""Hatchback""]"
348,,2020,Toyota,Prius Prime,"[""Hatchback""]"
349,,2020,Toyota,RAV4,"[""SUV""]"
350,,2020,Toyota,RAV4 Hybrid,"[""SUV""]"
351,,2020,Toyota,Sequoia,"[""SUV""]"
352,,2020,Toyota,Sienna,"[""Van/Minivan""]"
353,,2020,Toyota,Tacoma Access Cab,"[""Pickup""]"
354,,2020,Toyota,Tacoma Double Cab,"[""Pickup""]"
355,,2020,Toyota,Tundra CrewMax,"[""Pickup""]"
356,,2020,Toyota,Tundra Double Cab,"[""Pickup""]"
357,,2020,Toyota,Yaris,"[""Sedan""]"
358,,2020,Toyota,Yaris Hatchback,"[""Hatchback""]"
359,,2020,Volkswagen,Arteon,"[""Sedan""]"
360,,2020,Volkswagen,Atlas,"[""SUV""]"
361,,2020,Volkswagen,Atlas Cross Sport,"[""SUV""]"
362,,2020,Volkswagen,Golf,"[""Hatchback""]"
363,,2020,Volkswagen,Golf GTI,"[""Hatchback""]"
364,,2020,Volkswagen,Jetta,"[""Sedan""]"
365,,2020,Volkswagen,Jetta GLI,"[""Sedan""]"
366,,2020,Volkswagen,Passat,"[""Sedan""]"
367,,2020,Volkswagen,Tiguan,"[""SUV""]"
368,,2020,Volvo,S60,"[""Sedan""]"
369,,2020,Volvo,S90,"[""Sedan""]"
370,,2020,Volvo,V60,"[""Wagon""]"
371,,2020,Volvo,V90,"[""Wagon""]"
372,,2020,Volvo,XC40,"[""SUV""]"
373,,2020,Volvo,XC60,"[""SUV""]"
374,,2020,Volvo,XC90,"[""SUV""]"
